/*FAITES ATTENTIONS A BIEN RECOMMENTER CE CODE. IL SERT POUR L'INITIALISATION UNIQUEMENT*/

/*drop database if exists db_medicontech;
CREATE DATABASE db_medicontech;
USE db_medicontech;*/

-- Create Tables
/*
CREATE TABLE Postal_address(
   Id_Postal_address INT NOT NULL AUTO_INCREMENT,
   door_number VARCHAR(50),
   number VARCHAR(50),
   road VARCHAR(100),
   zip_code VARCHAR(50),
   town VARCHAR(50),
   country VARCHAR(50),
   PRIMARY KEY(Id_Postal_address)
);

CREATE TABLE Drug(
   Id_Drug INT NOT NULL,
   drug_name VARCHAR(300),
   drug_format VARCHAR(100),
   drug_application VARCHAR(150),
   autorisation_status VARCHAR(50),
   comercialised VARCHAR(50),
   comercialised_on DATE,
   warning_stock BOOLEAN,
   comercialised_by VARCHAR(100),
   drug_price DECIMAL(15,2),
   reimbursement_rate DECIMAL(15,2),
   PRIMARY KEY(Id_Drug)
);

CREATE TABLE Service(
   Id_Service INT NOT NULL AUTO_INCREMENT,
   service_name VARCHAR(50),
   PRIMARY KEY(Id_Service)
);

CREATE TABLE Mutual_insurance(
   Id_Mutual_insurance INT NOT NULL AUTO_INCREMENT,
   mutual_name VARCHAR(50),
   PRIMARY KEY(Id_Mutual_insurance)
);

CREATE TABLE Speciality(
   Id_Speciality INT NOT NULL AUTO_INCREMENT,
   speciality_name VARCHAR(50),
   PRIMARY KEY(Id_Speciality)
);

CREATE TABLE Person(
   Id_Person INT NOT NULL AUTO_INCREMENT,
   first_name VARCHAR(50) NOT NULL,
   last_name VARCHAR(50) NOT NULL,
   birth_date DATE NOT NULL,
   email_address VARCHAR(50),
   phone VARCHAR(50),
   Id_Postal_address INT NOT NULL,
   PRIMARY KEY(Id_Person),
   FOREIGN KEY(Id_Postal_address) REFERENCES Postal_address(Id_Postal_address)
);

CREATE TABLE Professional(
   Id_Person INT,
   password VARCHAR(100),
   workplace_name VARCHAR(50),
   PRIMARY KEY(Id_Person),
   FOREIGN KEY(Id_Person) REFERENCES Person(Id_Person)
);

CREATE TABLE Pharmacist(
   Id_Pharmacist INT NOT NULL AUTO_INCREMENT,
   Id_Person INT NOT NULL,
   PRIMARY KEY(Id_Pharmacist),
   FOREIGN KEY(Id_Person) REFERENCES Professional(Id_Person)
);

CREATE TABLE Doctor(
   Id_Doctor INT NOT NULL AUTO_INCREMENT,
   Id_Person INT NOT NULL,
   PRIMARY KEY(Id_Doctor),
   FOREIGN KEY(Id_Person) REFERENCES Professional(Id_Person)
);

CREATE TABLE Patient(
   Id_Patient INT NOT NULL AUTO_INCREMENT,
   Id_tutor INT,
   social_security_number VARCHAR(50),
   Id_Mutual_insurance INT,
   Id_Person INT NOT NULL,
   PRIMARY KEY(Id_Patient),
   FOREIGN KEY(Id_Mutual_insurance) REFERENCES Mutual_insurance(Id_Mutual_insurance),
   FOREIGN KEY(Id_Person) REFERENCES Person(Id_Person)
);

CREATE TABLE Prescription(
   Id_Prescription INT NOT NULL AUTO_INCREMENT,
   creation_date DATE,
   expiration_date DATE,
   date_of_use DATE,
   frequency_of_reuse INT,
   number_of_reuses INT,
   used BOOLEAN,
   validity BOOLEAN,
   note TEXT,
   reported BOOLEAN,
   report_note TEXT,
   Id_Doctor INT NOT NULL,
   Id_Patient INT NOT NULL,
   PRIMARY KEY(Id_Prescription),
   FOREIGN KEY(Id_Doctor) REFERENCES Doctor(Id_Doctor),
   FOREIGN KEY(Id_Patient) REFERENCES Patient(Id_Patient)
);

CREATE TABLE assigned_doctor(
   Id_Doctor INT,
   Id_Patient INT,
   PRIMARY KEY(Id_Doctor, Id_Patient),
   FOREIGN KEY(Id_Doctor) REFERENCES Doctor(Id_Doctor),
   FOREIGN KEY(Id_Patient) REFERENCES Patient(Id_Patient)
);

CREATE TABLE Pharmacy_item(
   Id_Pharmacist INT,
   Id_Drug INT,
   quantity INT,
   PRIMARY KEY(Id_Pharmacist, Id_Drug),
   FOREIGN KEY(Id_Pharmacist) REFERENCES Pharmacist(Id_Pharmacist),
   FOREIGN KEY(Id_Drug) REFERENCES Drug(Id_Drug)
);

CREATE TABLE Prescription_drug(
   Id_Prescription INT,
   Id_Drug INT,
   quantity VARCHAR(50),
   PRIMARY KEY(Id_Prescription, Id_Drug),
   FOREIGN KEY(Id_Prescription) REFERENCES Prescription(Id_Prescription),
   FOREIGN KEY(Id_Drug) REFERENCES Drug(Id_Drug)
);

CREATE TABLE Doctor_service(
   Id_Doctor INT,
   Id_Service INT,
   service_price DECIMAL(15,2),
   PRIMARY KEY(Id_Doctor, Id_Service),
   FOREIGN KEY(Id_Doctor) REFERENCES Doctor(Id_Doctor),
   FOREIGN KEY(Id_Service) REFERENCES Service(Id_Service)
);

CREATE TABLE Doctor_speciality(
   Id_Doctor INT,
   Id_Speciality INT,
   PRIMARY KEY(Id_Doctor, Id_Speciality),
   FOREIGN KEY(Id_Doctor) REFERENCES Doctor(Id_Doctor),
   FOREIGN KEY(Id_Speciality) REFERENCES Speciality(Id_Speciality)
);

CREATE TABLE Prescription_service(
   Id_Prescription INT,
   Id_Service INT,
   quantity VARCHAR(50),
   PRIMARY KEY(Id_Prescription, Id_Service),
   FOREIGN KEY(Id_Prescription) REFERENCES Prescription(Id_Prescription),
   FOREIGN KEY(Id_Service) REFERENCES Service(Id_Service)
);*/

/*
-- Insert Fictive Values For Testing TODO
INSERT INTO Postal_address(number, road, zip_code, town, country) VALUES
(15,"Chemin de la Vallée",27500,"Saint-Symphorien","France"),
(35,"Route de Rouen",27140,"Gisors","France"),
(23,"Rue du Prieurs",27110,"Le Neubourg","France"),
(6,"Route de Balines",27130,"Piseux","France"),
(8,"Lotissement les Longues Pieces",27810,"Marcilly-sur-Eure","France"),
(29,"Impasse des Frêines",27500,"Pont-Audemer","France"),
(437,"Le Mont Crocq",27500,"Triqueville","France"),
(4,"Ruelle aux Loups",27700,"Frenelles-en-Vexin","France"),
(9,"Lotissement La Torse Rue",27260,"Cormeilles","France"),
(8,"Rue des Marronniers",27000,"Evreux","France"),
(38,"Rue du Commandant Le Foll",27210,"Beuzeville","France"),
(1,"Place des Tilleuls",27320,"La Madeleine-de-Nonancourt","France"),
(32,"Route de la Vallee",27390,"Saint-Pierre-de-Cerniéres","France"),
(1,"Rue de la Troesne",27140,"Gisors","France"),
(9,"Impasse de la Forêt",27430,"Saint-Etienne-du-Vauvray","France"),
(116,"Rue de la Briqueterie Duval",27210,"Beuzeville","France"),
(34,"Le Village",27800,"La Haye-de-Calleville","France"),
(3,"Chemin du Roi",27590,"Pîtres","France"),
(17,"Rue Rembrandt",27950,"Saint-Marcel","France"),
(12,"Rue des Bruyéres",27780,"Garennes-sur-Eure","France"),
(36,"Chemin des Bouchers",51000,"Reims","France"),
(37,"Boulevard John Fitzgerald Kennedy",51000,"Châlons-en-Champagne","France"),
(19,"Rue Pierre Curie",51480,"Damery","France"),
(2,"Rue du Général de Mitry",51700,"Igny-Comblizy","France"),
(7,"Rue Saint-Julien",51530,"Pierry","France"),
(32,"Boulevard des Fossés de Ronde",51150,"Ambonnay","France"),
(16,"Rue d'écueil",51500,"Villers-aux-Noeuds","France"),
(8,"Rue de la Mairie",51500,"Sacy","France"),
(25,"Rue Belin",51000,"Reims","France"),
(23,"Rue Alfred Nobel",51200,"Epernay","France"),
(3,"Rue Alexandre Dumas",51110,"Bazancourt","France"),
(11,"Rue de l'église",51290,"Outines","France"),
(62,"Rue de Châlons",51260,"Anglure","France"),
(11,"Rue de la Halle",51150,"Tours-sur-Marne","France"),
(54,"Rue Gabriel Lippmann",51430,"Bezannes","France"),
(35,"Rue Thiers",51000,"Reims","France"),
(13,"Rue de Châtillon",51290,"Giffaumont-Champaubert","France"),
(13,"Rue de la Grangette",51800,"Sainte-Menehould","France"),
(7,"Impasse de la Croix Saint-Jean",51480,"Boursault","France"),
(20,"Impasse des Sorbiers",51510,"Saint-Gibrien","France");

INSERT INTO Postal_address(door_number, number, road, zip_code, town, country) VALUES
(12,106,"Avenue Philippe Auguste",75011,"Paris","France"),
(15,12,"Rue d'Aligre",75012,"Paris","France"),
(8,96,"Rue de Reuilly",75012,"Paris","France"),
(6,99,"Rue de Reuilly",75012,"Paris","France"),
(4,54,"Rue Lemercier",75017,"Paris","France"),
(13,193,"Rue de Belleville",75019,"Paris","France"),
(26,116,"Rue de Lourmel",75015,"Paris","France"),
(51,27,"Rue de Terre-Neuve",75020,"Paris","France"),
(10,32,"Rue Viala",75015,"Paris","France"),
(13,27,"Rue Fortuny",75017,"Paris","France"),
(22,57,"Rue Docteur Blanche",75016,"Paris","France"),
(41,8,"Rue des Nanettes",75011,"Paris","France"),
(1,14,"Boulevard Lefebvre",75015,"Paris","France"),
(1,5,"Rue Bellini",75016,"Paris","France"),
(1,1,"Avenue de Taillebourg",75011,"Paris","France"),
(23,38,"Rue Vieille du Temple",75004,"Paris","France"),
(7,84,"Rue du Château",75014,"Paris","France"),
(8,3,"Rue Edouard VII",75009,"Paris","France"),
(9,59,"Avenue de la Motte-Picquet",75015,"Paris","France"),
(4,45,"Boulevard Saint-Michel",75005,"Paris","France");

INSERT INTO Speciality(speciality_name) VALUES 
("Cardiologue"),
("Généraliste"),
("Gynécologue"),
("Ophtalmologue"),
("Ostéopathe"),
("Pédiatre"),
("Pneumologue"),
("Psychiatre"),
("Radiologue"),
("Rhumatologue"),
("Urologue"),
("Chirurgien-dentiste"),
("Physicien médical"),
("Infirmier"),
("Masseur-kinésithérapeute"),
("Le pédicure-podologue"),
("Orthophoniste"),
("Orthoptiste"),
("Audioprothésiste"),
("Prothésiste"),
("Orthésiste"),
("Diététicien"),
("Aide-soignant");

INSERT INTO Person(first_name,last_name,birth_date,email_address,phone,Id_Postal_address) VALUES
("Drew","Kane","1987-03-06","donec.consectetuer@yahoo.ca","08 74 23 64 61",1),
("Luke","Holden","1994-08-22","pellentesque@outlook.org","01 72 13 33 72",2),
("Sonia","Murray","2010-12-05","iaculis@yahoo.com","07 66 43 15 36",3),
("Kermit","Whitney","2020-05-02","viverra.maecenas@yahoo.edu","07 27 06 54 28",4),
("Brody","Mcbride","1977-03-23","nulla.facilisis@yahoo.net","09 58 11 17 60",5),
("Amery","Murray","1982-11-21","auctor.velit@google.ca","05 97 40 42 59",6),
("Ross","O'brien","1968-09-15","sapien.cursus@protonmail.couk","05 17 92 73 83",7),
("Griffin","Skinner","2001-05-21","dis@yahoo.org","05 38 64 41 58",8),
("Ulric","Murray","2017-12-29","metus@protonmail.couk","01 68 25 26 32",9),
("Keaton","Smith","1979-07-14","rhoncus@google.edu","06 19 22 35 88",10),
("Arsenio","Marsh","1962-08-30","interdum.libero.dui@aol.com","03 24 88 71 83",11),
("Melvin","Ayala","1985-02-20","dui.augue@hotmail.edu","07 48 88 48 39",12),
("Tyrone","Potter","1969-09-06","vel.faucibus@protonmail.net","04 43 88 62 62",13),
("Farrah","Jacobson","2002-02-12","erat.eget@yahoo.couk","01 27 24 98 67",14),
("Hammett","Whitney","1991-12-23","arcu.imperdiet@protonmail.edu","07 94 50 71 87",15),
("Tobias","Sweet","1967-05-10","consectetuer@google.couk","06 51 11 74 44",16),
("Jesse","Key","1978-11-06","auctor.quis@aol.net","08 64 61 83 19",17),
("Holmes","Beach","1962-10-11","dolor.dolor.tempus@google.org","04 61 75 86 16",18),
("Alec","Andrews","1983-12-15","aliquet@aol.net","02 71 82 83 75",19),
("Boris","Whitney","2007-01-31","vel.vulputate.eu@yahoo.net","03 46 21 56 32",20),
("Branden","O'brien","2020-01-19","ornare.fusce@protonmail.edu","01 29 14 84 36",21),
("Murphy","Chang","1990-06-12","elit.aliquam@protonmail.net","05 32 95 48 44",22),
("Callie","Leon","2004-08-12","magna.ut.tincidunt@google.edu","09 76 17 54 54",23),
("Keefe","Padilla","1961-12-10","dictum@aol.couk","02 17 38 22 58",24),
("Ignacia","Key","2018-08-17","bibendum.ullamcorper@yahoo.edu","08 12 43 11 27",25),
("Aspen","Ware","1998-02-22","odio.auctor.vitae@protonmail.net","05 24 98 61 75",26),
("Imelda","Middleton","1963-01-23","egestas.a.dui@yahoo.edu","04 84 98 62 58",27),
("Silas","Jacobson","2016-09-16","nonummy@outlook.ca","04 28 93 63 54",28),
("Gannon","Holland","1996-10-09","ultrices.duis@hotmail.net","07 12 92 61 61",29),
("Emerald","O'brien","2013-05-15","et@hotmail.com","02 70 17 66 51",30);

INSERT INTO Person(last_name,first_name,birth_date,email_address,phone,Id_Postal_address) VALUES
-- Liste des médecins
("Moreau","Camille","1976-10-27","moreau.camille@medecin.fr","01 84 88 37 10",31),
("Dufour","Louis","1981-7-8","dufour.louis@medecin.fr","01 19 67 25 64",32),
("Louis","Nathan","1985-9-10","louis.nathan@medecin.fr","01 48 88 83 32",33),
("Lefebvre","Axel","1994-6-10","lefebvre.axel@medecin.fr","01 22 85 29 25",34),
("Brebion","Tristan","1967-9-20","brebion.tristan@medecin.fr","01 31 65 15 72",35),
("Rey","Garance","1964-7-30","rey.garance@medecin.fr","01 58 78 40 57",36),
("da Silva","Félix","1984-9-29","da silva.félix@medecin.fr","01 29 95 22 48",37),
("Durand","Daniel","1982-3-12","durand.daniel@medecin.fr","01 82 50 28 34",38),
("Brunet","William","1982-12-27","brunet.william@medecin.fr","01 11 50 62 32",39),
("Dupont","Lise","1992-6-9","dupont.lise@medecin.fr","01 89 87 59 80",40),
-- Liste des pharmaciens
("Laurent","Simon","1988-8-1","laurent.simon@pharmacien.fr","01 83 67 93 20",41),
("Pollet","Mélina","1981-5-3","pollet.mélina@pharmacien.fr","01 99 15 38 99",42),
("Blanc","Alexandre","1976-6-12","blanc.alexandre@pharmacien.fr","01 77 86 16 32",43),
("Roger","Laure","1993-3-25","roger.laure@pharmacien.fr","01 39 74 43 54",44),
("Deparrois","Garance","1994-4-10","deparrois.garance@pharmacien.fr","01 52 86 23 34",45),
("Dubois","Florian","1998-8-14","dubois.florian@pharmacien.fr","01 96 93 69 55",46),
("Laurent","Sara","1960-3-28","laurent.sara@pharmacien.fr","01 71 68 85 56",47),
("Lemaire","Paul","1972-7-15","lemaire.paul@pharmacien.fr","01 90 73 41 64",48),
("Dupont","Antoine","1977-3-27","dupont.antoine@pharmacien.fr","01 96 30 25 46",49),
("Hadock","Jenkins","1971-11-29","hadock.jenkins@pharmacien.fr","01 77 58 32 86",50);

INSERT INTO Professional VALUES
(31,"$2b$10$bJ0ExUkYhHOnSHOpexwQWuhnXpZ3d39m9srB6f0zabEP59i4UUIoy","CLINIQUE DU TERTRE ROUGE"),
(32,"$2b$10$J.Dh/jSxVGPPCX.lHE5yvOA9bLdod8wVmtA2GATbIkRZgJjVq5asG","HOPITAL ROBERT SCHUMAN DE VANTOUX -HPM"),
(33,"$2b$10$fUsjyFfmnUnYQLG1g1ClOOv4zjJ3h.5pLyNRbmzQOit0dVzctLP02","POLYCLINIQUE MUTUALISTE MALARTIC"),
(34,"$2b$10$CDT.8AFq3Nj9uNU69mdQ3.6z.uDDbeGBooCfcnxPhEztqVdVmsfqq","CLINIQUE CONTI"),
(35,"$2b$10$T4kRBT/w/rFvrgAFpavTJOJWxyrxdmUXoJ.n/otff4eRB8RoRABci","CLINIQUE EMAILLEURS-COLOMBIER LIMOGES"),
(36,"$2b$10$zn5qsn/88A60KWjDc0eLR.rWLf7MbGPFe8F.8IM6fJfDoh.9/nfji","POLYCLINIQUE MUTUALISTE MALARTIC"),
(37,"$2b$10$R4iEr42m36gvVlqzrRp.M.XId3y9Hk7CQHJ8/YsLxA87mg5M048DC","CLINIQUE CHIRURGICALE DE MARTIGUES"),
(38,"$2b$10$oAZfT23T8FGcdeXD6vhJjOmOKmdk7dHxiTgRr6fUdkq2VJhB1nl7y","POLYCLINIQUE DE COURLANCY"),
(39,"$2b$10$y7F1caIDXm83ymTOnqWpUeec8h7d8NzT4CfAr9h0xWy5tXmsmUOVu","CLINIQUE MUTUALISTE DU MEDOC"),
(40,"$2b$10$7mmS3kJAsC6UUDQFjIpsfe8qj3QctPhYsmnne.fythv8IxPT5Lyiy","HOPITAL BELLE-ISLE DE METZ - HPM"),
(41,"$2b$10$d82gkVkgz7Yejdlc0LLyQ.T5ceWj7ANXyr9XExN/uE3dVmz/O63U6","PHARMACIE DE LONGCHAMP"),
(42,"$2b$10$fSLJyApHw2IcxuQL2ckeyeYa3oSK2y9Z6ItUvJragsasegF8cKH0W","PHARMACIE CENTRALE SOL"),
(43,"$2b$10$7oSC1oTbkzP.H9s1yY1PO.eZCMClMEprkMoCI71BWyv62i1OK2eQa","PHARMACIE DES BRUYERES"),
(44,"$2b$10$ywqGkzNVHMPn/qnO4gNtmOgiR/HkaZgDgwo1SLNdpSIazlSFWCv9O","SELARL PHARMACIE GUYOMARC'H"),
(45,"$2b$10$ygXinwYceO42xzELcOtHdeBxm2rP1aRyWPuXlzS/Tk6p4Z6GuMk4O","PHARMACIE BARAKROK"),
(46,"$2b$10$iM9xGROzQsghW2NzOE0TMe1fcxEg4ouRzEK6.gXPZ8DkH43i8uuoa","SELARL PHARMACIE DU VAL DE SARTHE"),
(47,"$2b$10$gjWB.6N9pjpqa5HaYfoqdu3kl4govDr7f0CAbCVaWe72XFE3eTulm","PHARMACIE SUBRA"),
(48,"$2b$10$Omzop5E3Yp3E0bUWqZ9JPebNU0/kjoVOocfzYmY.j.Lkpmgl1TskC","PHARMACIE JANDEAUX"),
(49,"$2b$10$hZFuVXacNmy35OjboC12QONYh1im.tDa1PAMpe7/oBBBW3CWxCwhS","PHARMACIE DE LA POSTE"),
(50,"$2b$10$dqZWB7E98LkGEUoMiFDa7Ox4CwN1UZRUMuAbQP/s1m6RWmZZQBb3a","PHARMACIE DE LA CROIX ROUSSE");

INSERT INTO Pharmacist (Id_Person) VALUES
(41),
(42),
(43),
(44),
(45),
(46),
(47),
(48),
(49),
(50);

INSERT INTO Doctor (Id_Person) VALUES
(31),
(32),
(33),
(34),
(35),
(36),
(37),
(38),
(39),
(40);

INSERT INTO Mutual_insurance(mutual_name) VALUES
("APREVA"),
("ASPBTP"),
("CCMO"),
("Mut'Est"),
("ADREA Mutuelle"),
("Avenir Santé Mutuelle"),
("Eovi Mcd mutuelle"),
("France Mutuelle"),
("GFP"),
("Miltis"),
("MUTAMI"),
("Mutuelle Bleue"),
("Mutuelle Verte"),
("Mutuelle La Dijonnaise"),
("Mutuelle 403 Angoulème"),
("Mutuelle Europe"),
("Mutuelle familiale Corse"),
("Mutuelle du Champagne"),
("Mutuelle Épargne Retraite"),
("Mutuelle de France Bretagne Centre Océan"),
("Mutuelle des accidentés et travailleurs handicapés"),
("Mutuelle de France 04-05"),
("Mutuelle des Maliens de l'extérieur (MME)"),
("Mutuelle médico-chirurgicale"),
("Mutuelle Novamut"),
("Mutuelle du Var"),
("Mutuelle Prévifrance"),
("MGEN Filia"),
("Harmonie Mutuelle"),
("Mutuelle Saint-Germain"),
("Mutuelle de la Somme"),
("Mutuelles du Soleil"),
("Mutuelle complémentaire d'Alsace"),
("Mutuelle Drôme ARPICA"),
("Languedoc Mutualité"),
("Mutuelles Présence"),
("Myriade"),
("Roanne Mutuelle"),
("La MIF"),
("Novalia Mutuelle"),
("OCIANE Mutuelle"),
("Pavillon Prévoyance"),
("Precocia"),
("Refuge Mutualiste Aveyronnais"),
("SOLIMUT Mutuelle de France"),
("SORUAL"),
("Union fraternelle des Régions"),
("UMC Mutuelle"),
("Avenir Mutuelle"),
("Miel Mutuelle"),
("Klesia Mutuelle"),
("Henner Mutuelle"),
("Mutuelle Générale des Cheminots (MGC)"),
("uMEn");

INSERT INTO Patient(social_security_number,Id_Mutual_insurance,Id_Person) VALUES
("1 87 03 65 101 161 22",51,1),
("1 94 08 17 455 328 79",16,2),
("1 77 03 78 517 172 55",51,5),
("2 82 11 90 385 744 65",43,6),
("1 68 09 40 705 468 94",13,7),
("1 01 05 75 434 321 25",13,8),
("1 79 07 12 654 247 27",32,10),
("1 62 08 52 207 850 23",51,11),
("1 85 02 31 339 211 30",13,12),
("1 69 09 54 257 237 90",32,13),
("2 02 02 49 846 738 57",43,14),
("2 91 12 43 502 990 47",16,15),
("1 67 05 89 973 354 23",32,16),
("2 78 11 19 881 169 80",51,17),
("1 62 10 62 967 860 51",16,18),
("1 83 12 14 358 899 35",43,19),
("1 90 06 23 542 630 41",16,22),
("2 04 08 69 975 601 51",51,23),
("2 61 12 13 879 173 42",43,24),
("2 98 02 94 421 442 23",16,26),
("2 63 01 53 372 682 64",27,27),
("1 96 10 43 211 297 82",16,29);

INSERT INTO Patient(Id_tutor,social_security_number,Id_Mutual_insurance,Id_Person) VALUES
(6,"2 10 12 63 645 283 63",43,3),
(15,"1 20 05 13 805 702 13",16,4),
(6,"1 17 12 91 347 608 16",43,9),
(15,"1 07 01 32 221 224 94",16,20),
(7,"1 20 01 21 944 198 98",13,21),
(17,"2 18 08 37 598 601 46",51,25),
(14,"1 16 09 79 334 424 40",43,28),
(7,"1 13 05 73 453 460 51",13,30);

INSERT INTO assigned_doctor VALUES
(4,1),
(2,2),
(3,3),
(4,4),
(4,5),
(1,6),
(1,7),
(7,8),
(3,9),
(9,10),
(3,11),
(3,12),
(10,13),
(1,14),
(10,15),
(4,16),
(3,17),
(1,18),
(8,19),
(2,20),
(10,21),
(3,22),
(5,23),
(4,24),
(3,25),
(2,26),
(1,27),
(5,28),
(7,29),
(8,30);

INSERT INTO Doctor_speciality VALUES
(1,1),
(2,20),
(3,1),
(4,8),
(5,15),
(6,12),
(7,2),
(8,1),
(9,11),
(10,22);

INSERT INTO Service(service_name) VALUES
("Radiographie"),
("Consultation Ophtalmologue"),
("Consultation Gynécologue"),
("Consultation Ostéopathe"),
("Consultation pédiatrique"),
("Consultation pneumoloige"),
("Consultation psychiatrique"),
("Consultation rhumatologue"),
("Consultation urologie"),
("Soins dentaires"),
("Echographie"),
("Acupuncture"),
("Radiothérapie"),
("Soins infirmiers"),
("Consultation Kiné"),
("Confections semelles orthopédique"),
("Consultation podologue"),
("Ergothérapie"),
("Consultation psychomoteur"),
("Consultation orthophoniste"),
("Consultation othoptiste"),
("Confection prothése auditive"),
("Confection lunette optique"),
("Confection prothése membre"),
("Consultation diététicien"),
("Accompagnement par aide-soignante"),
("Accompagnement par Auxiliaire de puériculture"),
("Attribution d'un Ambulancier");

INSERT INTO prescription(creation_date,expiration_date,date_of_use,frequency_of_reuse,number_of_reuses,used,validity,note,reported,report_note,Id_Doctor,Id_Patient) VALUES
("2007-05-14","2008-05-12","2007-08-14",52,3,true,false,"TODOTEXTE",false,"REPORTTODO",4,1),
("2007-07-20","2007-10-20","2007-10-20",165,0,true,false,"TODOTEXTE",false,"REPORTTODO",4,1),
("2014-09-25","2014-12-25","2014-12-25",25,0,true,false,"TODOTEXTE",false,"REPORTTODO",2,2),
("2003-04-24","2010-03-08","2003-07-24",251,10,true,false,"TODOTEXTE",false,"REPORTTODO",3,3),
("1993-09-30","1993-12-30","1993-12-30",125,0,true,false,"TODOTEXTE",false,"REPORTTODO",3,3),
("2017-09-25","2017-12-25","2017-12-25",31,0,true,false,"TODOTEXTE",false,"REPORTTODO",4,4),
("2002-08-17","2002-11-17","2002-11-17",14,0,true,false,"TODOTEXTE",true,"REPORTTODO",1,5),
("2013-02-21","2013-05-21","2013-05-21",301,0,true,false,"TODOTEXTE",false,"REPORTTODO",1,5),
("1999-09-15","1999-12-15","1999-12-15",164,0,true,false,"TODOTEXTE",false,"REPORTTODO",1,6),
("1997-08-20","1997-11-20","1997-11-20",224,0,true,false,"TODOTEXTE",false,"REPORTTODO",1,6),
("2004-05-14","2004-08-14","2004-08-14",38,0,true,false,"TODOTEXTE",false,"REPORTTODO",1,6),
("2019-06-16","2019-09-16","2019-09-16",19,0,true,false,"TODOTEXTE",false,"REPORTTODO",1,7),
("2009-05-16","2010-12-29","2009-08-16",296,2,true,false,"TODOTEXTE",false,"REPORTTODO",7,8),
("2016-03-30","2017-05-24","2016-06-30",105,4,true,false,"TODOTEXTE",false,"REPORTTODO",7,8),
("2020-09-18","2020-12-18","2020-12-18",121,0,true,false,"TODOTEXTE",false,"REPORTTODO",3,9),
("2001-06-14","2004-03-02","2001-09-14",248,4,true,false,"TODOTEXTE",false,"REPORTTODO",3,9),
("1994-07-30","1995-06-25","1994-10-30",55,6,true,false,"TODOTEXTE",false,"REPORTTODO",9,10),
("1996-07-16","2000-04-25","1996-10-16",197,7,true,false,"TODOTEXTE",false,"REPORTTODO",3,11),
("2021-04-28","2021-07-28","2021-07-28",144,0,true,false,"TODOTEXTE",false,"REPORTTODO",3,12),
("1998-08-14","1999-05-26","1998-11-14",57,5,true,false,"TODOTEXTE",false,"REPORTTODO",3,12),
("2022-07-13","2022-10-13","2022-10-13",149,0,true,false,"TODOTEXTE",true,"REPORTTODO",10,13),
("2014-09-29","2014-12-29","2014-12-29",223,0,true,false,"TODOTEXTE",false,"REPORTTODO",1,14),
("2011-03-24","2015-04-07","2011-06-24",298,5,true,false,"TODOTEXTE",false,"REPORTTODO",1,14),
("2013-01-15","2013-04-15","2013-04-15",295,0,true,false,"TODOTEXTE",true,"REPORTTODO",1,14),
("2003-08-17","2003-11-17","2003-11-17",208,0,true,false,"TODOTEXTE",false,"REPORTTODO",10,15),
("2003-04-25","2003-07-25","2003-07-25",321,0,true,false,"TODOTEXTE",false,"REPORTTODO",4,16),
("2018-03-24","2018-06-24","2018-06-24",304,0,true,false,"TODOTEXTE",false,"REPORTTODO",4,16),
("1996-05-21","1996-07-30","1996-08-21",7,10,true,false,"TODOTEXTE",false,"REPORTTODO",3,17),
("1997-03-23","1997-06-23","1997-06-23",255,0,true,false,"TODOTEXTE",false,"REPORTTODO",1,18),
("1997-03-26","1997-09-08","1997-06-26",83,2,true,false,"TODOTEXTE",false,"REPORTTODO",8,19),
("2013-07-28","2013-10-28","2013-10-28",360,0,true,false,"TODOTEXTE",false,"REPORTTODO",8,19),
("1994-01-14","1994-04-14","1994-04-14",243,0,true,false,"TODOTEXTE",false,"REPORTTODO",8,19),
("2014-07-27","2014-09-27","2014-10-27",31,2,true,false,"TODOTEXTE",false,"REPORTTODO",8,19),
("1997-06-16","1997-09-16","1997-09-16",125,0,true,false,"TODOTEXTE",false,"REPORTTODO",2,20),
("2000-01-15","2004-08-01","2000-04-15",332,5,true,false,"TODOTEXTE",false,"REPORTTODO",2,20),
("2004-01-30","2010-05-08","2004-04-30",229,10,true,false,"TODOTEXTE",false,"REPORTTODO",2,20),
("2021-01-20","2021-04-20","2021-04-20",142,0,true,false,"TODOTEXTE",false,"REPORTTODO",3,22),
("1991-02-28","1991-05-28","1991-05-28",45,0,true,false,"TODOTEXTE",false,"REPORTTODO",3,22),
("2022-08-29","2025-04-07","2022-11-29",136,7,false,true,"TODOTEXTE",false,"REPORTTODO",3,22),
("2020-08-11","2026-12-22","2020-11-11",332,7,false,true,"TODOTEXTE",false,"REPORTTODO",3,22),
("2014-08-30","2015-09-22","2014-11-30",97,4,true,false,"TODOTEXTE",false,"REPORTTODO",5,23),
("1990-03-28","1990-06-30","1990-06-28",1,1,true,false,"TODOTEXTE",false,"REPORTTODO",5,23),
("2000-05-10","2000-08-10","2000-08-10",182,0,true,false,"TODOTEXTE",false,"REPORTTODO",4,24),
("2018-09-22","2024-02-24","2018-12-22",283,7,false,true,"TODOTEXTE",false,"REPORTTODO",4,24),
("2013-07-26","2013-10-26","2013-10-26",74,0,true,false,"TODOTEXTE",false,"REPORTTODO",3,25),
("1995-04-24","1995-07-24","1995-07-24",222,0,true,false,"TODOTEXTE",false,"REPORTTODO",3,25),
("2018-04-22","2020-01-22","2018-07-22",320,2,true,false,"TODOTEXTE",true,"REPORTTODO",2,26),
("2014-03-16","2014-06-16","2014-06-16",359,0,true,false,"TODOTEXTE",false,"REPORTTODO",2,26),
("2015-06-26","2015-09-26","2015-09-26",41,0,true,false,"TODOTEXTE",false,"REPORTTODO",2,26),
("2008-03-29","2008-06-29","2008-06-29",358,0,true,false,"TODOTEXTE",false,"REPORTTODO",1,27),
("2010-01-27","2010-04-27","2010-04-27",278,0,true,false,"TODOTEXTE",false,"REPORTTODO",5,28),
("1998-07-24","1998-10-24","1998-10-24",112,0,true,false,"TODOTEXTE",false,"REPORTTODO",7,29),
("2008-08-23","2008-11-23","2008-11-23",12,1,true,false,"TODOTEXTE",false,"REPORTTODO",8,30);

INSERT INTO prescription(creation_date,expiration_date,frequency_of_reuse,number_of_reuses,used,validity,note,reported,report_note,Id_Doctor,Id_Patient) VALUES
("2013-01-23","2013-04-23",320,0,false,false,"TODOTEXTE",false,"REPORTTODO",4,1),
("1992-09-14","1992-12-14",66,0,false,false,"TODOTEXTE",false,"REPORTTODO",4,1),
("2000-04-11","2002-05-21",154,5,false,false,"TODOTEXTE",false,"REPORTTODO",2,2),
("2004-01-30","2004-04-30",360,0,false,false,"TODOTEXTE",false,"REPORTTODO",2,2),
("1996-08-31","1997-12-15",157,3,false,false,"TODOTEXTE",false,"REPORTTODO",2,2),
("1992-09-27","1992-12-27",196,0,false,false,"TODOTEXTE",false,"REPORTTODO",3,3),
("1990-03-24","1990-09-30",190,1,false,false,"TODOTEXTE",false,"REPORTTODO",3,3),
("2001-02-26","2010-05-20",337,10,false,false,"TODOTEXTE",true,"REPORTTODO",4,4),
("2000-04-28","2000-07-28",51,0,false,false,"TODOTEXTE",false,"REPORTTODO",4,4),
("1990-05-23","1990-08-23",151,0,false,false,"TODOTEXTE",false,"REPORTTODO",4,4),
("2012-03-11","2016-05-19",255,6,false,false,"TODOTEXTE",false,"REPORTTODO",1,5),
("2007-07-23","2012-10-06",317,6,false,false,"TODOTEXTE",false,"REPORTTODO",1,5),
("1998-09-27","1998-12-27",274,0,false,false,"TODOTEXTE",false,"REPORTTODO",1,6),
("1997-09-26","1997-12-26",361,0,false,false,"TODOTEXTE",false,"REPORTTODO",1,7),
("2014-09-28","2014-12-28",36,0,false,false,"TODOTEXTE",false,"REPORTTODO",1,7),
("2012-04-26","2012-07-26",227,0,false,false,"TODOTEXTE",false,"REPORTTODO",1,7),
("2011-09-24","2013-03-23",182,3,false,false,"TODOTEXTE",false,"REPORTTODO",7,8),
("2018-09-17","2018-12-17",79,0,false,false,"TODOTEXTE",false,"REPORTTODO",7,8),
("2019-03-26","2019-06-26",233,0,false,false,"TODOTEXTE",false,"REPORTTODO",3,9),
("1996-02-17","1996-05-17",65,0,false,false,"TODOTEXTE",false,"REPORTTODO",3,9),
("2015-04-21","2015-07-21",244,0,false,false,"TODOTEXTE",true,"REPORTTODO",9,10),
("2001-04-10","2001-07-10",158,0,false,false,"TODOTEXTE",false,"REPORTTODO",9,10),
("2007-09-24","2007-12-24",302,0,false,false,"TODOTEXTE",false,"REPORTTODO",9,10),
("1993-07-20","1993-11-20",123,1,false,false,"TODOTEXTE",false,"REPORTTODO",3,11),
("2014-04-26","2016-02-03",81,8,false,false,"TODOTEXTE",false,"REPORTTODO",3,11),
("1991-06-10","1994-08-23",234,5,false,false,"TODOTEXTE",false,"REPORTTODO",3,11),
("2013-06-27","2013-09-27",101,0,false,false,"TODOTEXTE",false,"REPORTTODO",3,12),
("1992-04-30","1995-09-02",244,5,false,false,"TODOTEXTE",false,"REPORTTODO",3,12),
("1990-05-29","1998-06-26",295,10,false,false,"TODOTEXTE",false,"REPORTTODO",10,13),
("2016-08-27","2016-11-27",83,0,false,false,"TODOTEXTE",false,"REPORTTODO",10,13),
("1992-05-28","1993-12-01",184,3,false,false,"TODOTEXTE",false,"REPORTTODO",10,13),
("2016-03-12","2017-02-10",67,5,false,false,"TODOTEXTE",false,"REPORTTODO",1,14),
("2019-08-24","2019-11-24",90,0,false,false,"TODOTEXTE",false,"REPORTTODO",10,15),
("1994-03-29","1994-07-11",26,4,false,false,"TODOTEXTE",false,"REPORTTODO",10,15),
("2009-03-19","2009-06-19",322,0,false,false,"TODOTEXTE",false,"REPORTTODO",10,15),
("2010-05-18","2011-11-09",180,3,false,false,"TODOTEXTE",false,"REPORTTODO",4,16),
("2000-09-24","2000-12-24",212,0,false,false,"TODOTEXTE",false,"REPORTTODO",4,16),
("2018-08-16","2018-11-16",29,0,false,false,"TODOTEXTE",false,"REPORTTODO",3,17),
("2013-01-14","2021-03-03",297,10,false,false,"TODOTEXTE",false,"REPORTTODO",3,17),
("1993-05-12","1993-11-12",46,4,false,false,"TODOTEXTE",true,"REPORTTODO",3,17),
("2021-09-29","2021-12-29",161,0,false,false,"TODOTEXTE",false,"REPORTTODO",1,18),
("1998-03-16","1999-11-01",119,5,false,false,"TODOTEXTE",false,"REPORTTODO",1,18),
("2000-03-12","2005-01-05",220,8,false,false,"TODOTEXTE",false,"REPORTTODO",1,18),
("2020-06-17","2020-09-17",334,0,false,false,"TODOTEXTE",false,"REPORTTODO",2,20),
("2014-05-13","2014-08-13",298,0,false,false,"TODOTEXTE",false,"REPORTTODO",10,21),
("1998-09-12","2001-01-07",106,8,false,false,"TODOTEXTE",false,"REPORTTODO",10,21),
("2019-04-10","2023-09-16",180,9,false,true,"TODOTEXTE",false,"REPORTTODO",10,21),
("2000-02-20","2001-06-14",60,8,false,false,"TODOTEXTE",true,"REPORTTODO",10,21),
("2000-06-24","2003-07-29",226,5,false,false,"TODOTEXTE",true,"REPORTTODO",5,23),
("2021-06-22","2021-09-22",42,0,false,false,"TODOTEXTE",false,"REPORTTODO",5,23),
("2014-05-30","2014-08-30",113,0,false,false,"TODOTEXTE",false,"REPORTTODO",4,24),
("1994-06-26","1994-09-26",47,0,true,false,"TODOTEXTE",false,"REPORTTODO",4,24),
("2005-07-28","2005-10-28",22,0,false,false,"TODOTEXTE",false,"REPORTTODO",3,25),
("2013-04-25","2013-07-25",352,0,false,false,"TODOTEXTE",false,"REPORTTODO",3,25),
("2017-01-19","2017-08-23",72,3,false,false,"TODOTEXTE",false,"REPORTTODO",2,26),
("2017-09-10","2017-12-10",142,0,false,false,"TODOTEXTE",false,"REPORTTODO",1,27),
("1990-02-20","1991-02-10",71,5,false,false,"TODOTEXTE",false,"REPORTTODO",1,27),
("1990-07-23","1991-04-05",256,1,false,false,"TODOTEXTE",false,"REPORTTODO",1,27),
("2007-04-23","2007-07-23",171,0,false,false,"TODOTEXTE",false,"REPORTTODO",5,28),
("2001-07-15","2001-10-15",223,0,false,false,"TODOTEXTE",false,"REPORTTODO",5,28),
("2021-04-22","2021-07-22",230,0,false,false,"TODOTEXTE",false,"REPORTTODO",5,28),
("1996-03-22","1996-06-22",216,0,false,false,"TODOTEXTE",false,"REPORTTODO",7,29),
("1991-04-15","1993-04-16",244,3,false,false,"TODOTEXTE",false,"REPORTTODO",7,29),
("2005-07-17","2005-10-17",282,0,false,false,"TODOTEXTE",false,"REPORTTODO",7,29),
("2009-02-24","2009-05-24",321,0,false,false,"TODOTEXTE",false,"REPORTTODO",8,30),
("1993-01-28","1994-03-16",103,4,false,false,"TODOTEXTE",false,"REPORTTODO",8,30),
("2006-05-16","2009-01-04",241,4,false,false,"TODOTEXTE",false,"REPORTTODO",8,30);

INSERT INTO prescription_drug VALUES 
(1,66997921,5),(1,61090507,3),(1,65360359,6),(1,67471874,10),(1,63679194,1),
(2,63661520,5),(2,65603398,4),(2,61324091,2),(2,66060546,9),(2,64061763,7),
(3,62030744,5),(3,60209645,2),(3,65766872,10),(3,61989835,2),(3,64406451,2),
(4,62048105,10),(4,67364616,1),(4,67588728,6),(4,62452852,7),(4,66545179,7),
(5,60648304,8),(5,67959261,8),(5,65227405,4),(5,65585548,1),(5,60429851,1),
(6,64611965,9),(6,67113350,3),(6,69791271,6),(6,66086740,3),(6,63823328,2),
(7,66863107,3),(7,61649487,4),(7,65993464,4),(7,67652611,2),(7,60549797,4),
(8,60665862,3),(8,67529822,7),(8,63591495,1),(8,68740103,6),(8,69560065,6),
(9,61191926,4),(9,69141416,2),(9,65515642,10),(9,69220333,4),(9,67627992,7),
(10,60010885,6),(10,61726688,7),(10,63280544,3),(10,61065653,3),(10,61136926,6),
(11,68576006,9),(11,63476258,7),(11,69563150,10),(11,63116267,10),(11,66086562,5),
(12,61952527,6),(12,61715282,10),(12,69164614,3),(12,69410884,9),(12,62771736,10),
(13,65860243,9),(13,63699439,10),(13,61756101,1),(13,69645576,8),(13,62429565,9),
(14,61420022,10),(14,65201168,7),(14,69568788,7),(14,69170446,1),(14,67563415,6),
(15,68173375,3),(15,60742935,4),(15,62263257,6),(15,60650789,9),(15,66132216,3),
(16,61203570,9),(16,62040674,1),(16,61763619,6),(16,60932500,1),(16,68540070,3),
(17,65265313,8),(17,61529324,5),(17,69483042,1),(17,60539301,1),(17,60634703,6),
(18,62637153,4),(18,69372088,9),(18,64059844,9),(18,68425029,2),(18,62856987,2),
(19,69236394,4),(19,61642119,10),(19,60047182,3),(19,63560165,1),(19,62313404,1),
(20,65822036,1),(20,66090023,2),(20,61710965,3),(20,65419882,10),(20,64793382,3),
(21,61162305,3),(21,61644248,1),(21,63083116,8),(21,65846076,2),(21,61053124,4),
(22,67559559,5),(22,61111481,10),(22,67633600,3),(22,62973200,4),(22,66372720,5),
(23,60727189,8),(23,68228761,4),(23,63052576,6),(23,60295135,3),(23,60821891,8),
(24,61412157,7),(24,67627533,4),(24,60900335,6),(24,68543173,5),(24,69038793,4),
(25,62010250,10),(25,65089573,2),(25,65483917,6),(25,64573315,9),(25,60360608,5),
(26,65226456,8),(26,64159780,3),(26,64736787,7),(26,65950491,5),(26,64408662,9),
(27,67138300,6),(27,60616751,3),(27,60560224,1),(27,64052814,2),(27,69847599,2),
(28,65440620,7),(28,61206641,10),(28,61946403,6),(28,64021886,1),(28,63409505,2),
(29,61921510,9),(29,69439163,4),(29,69720897,3),(29,65473595,3),(29,69620498,3),
(30,69158248,8),(30,69151830,9),(30,65458611,3),(30,64198267,10),(30,64458633,10),
(31,62854267,9),(31,69079480,2),(31,65095170,1),(31,62566877,7),(31,65080478,5),
(32,69656722,4),(32,66881233,7),(32,60016308,2),(32,63777215,1),(32,64147632,6),
(33,65329591,7),(33,65070911,4),(33,68928322,8),(33,62566877,4),(33,66032251,10),
(34,60662058,5),(34,60887610,5),(34,60889547,10),(34,61248124,4),(34,62819298,3),
(35,66688184,6),(35,63629490,9),(35,62611614,1),(35,68255655,1),(35,68134917,5),
(36,67868413,1),(36,65236258,2),(36,69734039,1),(36,65320254,10),(36,67943894,5),
(37,66328243,10),(37,65005721,7),(37,62744027,3),(37,68081208,2),(37,65109823,8),
(38,67934781,9),(38,62184233,7),(38,68337593,8),(38,62444948,10),(38,66085108,10),
(39,62349845,10),(39,63096850,6),(39,65329965,6),(39,60580134,7),(39,68520121,6),
(40,68435557,5),(40,66589617,5),(40,69477687,8),(40,66903345,8),(40,66169887,5),
(41,63739307,8),(41,62312829,9),(41,64500146,10),(41,64696734,3),(41,60470990,8),
(42,61012191,2),(42,69407984,3),(42,66002781,6),(42,68788824,10),(42,66550571,5),
(43,65578258,10),(43,69630186,5),(43,64264557,6),(43,69604608,6),(43,64922966,4),
(44,68246097,6),(44,60490893,5),(44,62232411,9),(44,62809489,5),(44,68356259,6),
(45,64879963,1),(45,60666074,2),(45,67229700,8),(45,62154603,10),(45,66941940,2),
(46,62998997,7),(46,66822733,7),(46,67860651,9),(46,60608384,4),(46,63521810,8),
(47,67846744,7),(47,61610484,9),(47,60621264,8),(47,64299857,1),(47,63183337,4),
(48,69974746,9),(48,66870692,4),(48,62459793,5),(48,68234981,9),(48,64754454,3),
(49,63987249,6),(49,66190283,1),(49,61475588,3),(49,65220909,9),(49,62764909,2),
(50,62615751,9),(50,68562572,5),(50,62475071,3),(50,66378381,4),(50,65519167,5),
(51,68932559,7),(51,65421374,2),(51,62481238,9),(51,61234174,1),(51,67700426,3),
(52,65716353,3),(52,69356080,2),(52,65251121,8),(52,62056326,5),(52,60811833,1),
(53,62822682,7),(53,65407798,3),(53,64941386,6),(53,68450790,9),(53,66885235,4),
(54,68368941,8),(54,63288007,1),(54,68366100,8),(54,64145115,8),(54,63088832,6),
(55,66421434,1),(55,64922966,5),(55,62005075,4),(55,66730861,2),(55,66079393,5),
(56,68862107,5),(56,66129309,2),(56,64022618,10),(56,66929144,2),(56,61052442,9),
(57,62989610,3),(57,67972376,4),(57,69256226,3),(57,63927049,6),(57,63462842,9),
(58,69347658,7),(58,68356857,5),(58,64052173,4),(58,64988507,4),(58,69946056,2),
(59,69565411,9),(59,69847791,9),(59,64038526,7),(59,60552277,5),(59,62106380,8),
(60,67947145,9),(60,61318238,7),(60,61037294,5),(60,65574434,4),(60,68009657,10),
(61,61649487,9),(61,65671584,1),(61,60590630,9),(61,65909683,3),(61,60470015,7),
(62,62679978,5),(62,61426025,9),(62,67480631,6),(62,66997501,4),(62,62639275,9),
(63,60951632,1),(63,65584250,5),(63,62260706,5),(63,67747504,1),(63,66378381,2),
(64,64413588,10),(64,69997481,5),(64,68789050,3),(64,60691017,7),(64,60866178,1),
(65,65878330,2),(65,69355295,2),(65,64458633,1),(65,64762173,8),(65,61137907,3),
(66,64430979,1),(66,68139704,9),(66,60587100,2),(66,69599253,6),(66,68832021,10),
(67,69289176,6),(67,65403127,1),(67,63019163,9),(67,60691177,3),(67,60425707,7),
(68,60549911,7),(68,64802027,5),(68,63116267,9),(68,65063322,2),(68,68568447,2),
(69,64018712,8),(69,60886120,10),(69,61959781,6),(69,69126300,2),(69,61436457,8),
(70,68343016,7),(70,64611260,10),(70,60535331,10),(70,64847691,2),(70,68529120,3),
(71,66343989,4),(71,64399761,9),(71,65294076,9),(71,66669650,4),(71,66443911,4),
(72,63276706,5),(72,62436200,5),(72,67851855,8),(72,68559786,8),(72,65079764,6),
(73,65913137,7),(73,66818261,7),(73,65585384,10),(73,68070304,6),(73,68171068,10),
(74,66242602,4),(74,64900101,9),(74,62263257,8),(74,68626690,10),(74,67953372,7),
(75,61973261,1),(75,60397542,6),(75,64642836,2),(75,63067336,4),(75,62779028,4),
(76,68092375,7),(76,61444482,2),(76,60283161,6),(76,62771825,2),(76,65642287,7),
(77,67827270,5),(77,61083530,10),(77,67696579,2),(77,64347476,5),(77,67392754,7),
(78,62114270,4),(78,62450342,10),(78,63354489,7),(78,61793701,2),(78,63114750,3),
(79,60647049,1),(79,61367363,8),(79,63435884,4),(79,60921386,1),(79,66194303,7),
(80,63572025,1),(80,60519117,2),(80,69555470,8),(80,63061721,5),(80,63248991,9),
(81,61439909,9),(81,67791066,5),(81,63341207,8),(81,60904643,7),(81,62410472,5),
(82,69847599,4),(82,68734545,5),(82,67390671,9),(82,63576550,2),(82,69040495,10),
(83,69555470,4),(83,64281204,9),(83,63857992,10),(83,64098181,5),(83,66057308,2),
(84,64346029,3),(84,64468061,6),(84,60892792,4),(84,60807297,1),(84,65070886,9),
(85,66544465,9),(85,62981414,2),(85,67989653,9),(85,65691302,5),(85,64602464,10),
(86,64296409,2),(86,63476258,9),(86,66287152,4),(86,68711009,8),(86,64915021,1),
(87,62205873,5),(87,61048216,1),(87,66845924,9),(87,64330943,5),(87,63152181,7),
(88,64487357,5),(88,61547030,2),(88,69590076,7),(88,67700337,6),(88,65945665,10),
(89,64456899,1),(89,67832552,1),(89,61480293,4),(89,63707042,4),(89,61941057,1),
(90,61406236,10),(90,69713034,1),(90,61485148,5),(90,68796073,9),(90,65414928,7),
(91,68600724,3),(91,68684658,5),(91,68338784,4),(91,66402996,8),(91,67488731,10),
(92,69075222,6),(92,66037184,2),(92,61296838,1),(92,62533496,2),(92,69426034,8),
(93,61578296,5),(93,62338553,7),(93,68316916,1),(93,60348342,9),(93,65708666,8),
(94,69287321,7),(94,66845924,1),(94,66894145,3),(94,66398576,2),(94,63957170,6),
(95,62607530,5),(95,64487282,6),(95,66882748,9),(95,67997582,4),(95,68789399,4),
(96,60272948,9),(96,63431170,10),(96,62232411,1),(96,68891831,6),(96,65313021,9),
(97,64493883,5),(97,62801318,7),(97,66964914,2),(97,62527664,6),(97,68758884,10),
(98,63820969,8),(98,63679504,6),(98,69284407,7),(98,66863107,2),(98,60903438,9),
(99,60514006,4),(99,61928914,10),(99,65130778,3),(99,67620325,7),(99,65506814,1),
(100,60787542,7),(100,62001372,6),(100,66490117,7),(100,61767507,3),(100,65674089,8),
(101,60307032,7),(101,61794949,8),(101,69982928,3),(101,65883338,8),(101,64127633,2),
(102,62524376,7),(102,64189866,2),(102,67017786,3),(102,68662722,6),(102,63841059,6),
(103,61959265,2),(103,63868864,3),(103,64292987,9),(103,63771924,5),(103,69783762,4),
(104,68322762,1),(104,63514285,9),(104,67584249,4),(104,62079531,5),(104,60396426,7),
(105,64444441,6),(105,62897973,7),(105,65773258,9),(105,68808515,1),(105,65169457,9),
(106,61872287,6),(106,68066416,10),(106,60841335,2),(106,62602914,7),(106,69742819,7),
(107,63350430,10),(107,61190991,8),(107,62620809,5),(107,64615675,10),(107,66782153,2),
(108,63224079,9),(108,62860633,1),(108,62696002,5),(108,62384376,4),(108,65858420,4),
(109,68557867,3),(109,69481664,6),(109,68403812,8),(109,69287321,9),(109,64978527,10),
(110,67939209,3),(110,63525488,3),(110,68257528,3),(110,67552319,1),(110,60022275,10),
(111,62232322,8),(111,61436304,3),(111,63344192,7),(111,66741847,8),(111,65795735,9),
(112,68393396,5),(112,66960428,3),(112,60941734,2),(112,64083973,10),(112,66558486,8),
(113,68722475,8),(113,61649487,4),(113,61106203,4),(113,68333755,3),(113,60560861,7),
(114,67840467,4),(114,64278215,6),(114,68572869,9),(114,63526743,2),(114,64605955,5),
(115,65459503,4),(115,61785366,3),(115,63931033,3),(115,67966754,3),(115,67506453,2),
(116,64201902,6),(116,69166063,3),(116,67104999,4),(116,64967484,9),(116,60132330,7),
(117,64052814,5),(117,67756752,7),(117,64204250,4),(117,69765390,6),(117,61380058,5),
(118,69687290,5),(118,61204067,2),(118,64851088,2),(118,65451809,3),(118,69297333,2),
(119,65969680,5),(119,60160479,10),(119,62416945,4),(119,62641835,3),(119,64290776,7),
(120,69278094,2),(120,66346960,7),(120,60848874,10),(120,67372837,7),(120,65149821,7);*/